sample_id,speaker_id,phrase_id,phrase_key,language,video_path,split,duration_sec,fps,width,height,quality_ok,notes
s01_00_1778079374,s01,0,hello,en,data/raw/s01/00/s01_00_1778079374.mp4,train,2.5,25,640,480,1,
s01_00_1778079508,s01,0,hello,en,data/raw/s01/00/s01_00_1778079508.mp4,train,2.5,25,640,480,1,
s01_00_1778079509,s01,0,hello,en,data/raw/s01/00/s01_00_1778079509.mp4,train,2.5,25,640,480,1,
s01_00_1778079510,s01,0,hello,en,data/raw/s01/00/s01_00_1778079510.mp4,train,2.5,25,640,480,1,
s01_00_1778079806,s01,0,hello,en,data/raw/s01/00/s01_00_1778079806.mp4,train,2.5,25,640,480,1,
s01_00_1778079807,s01,0,hello,en,data/raw/s01/00/s01_00_1778079807.mp4,train,2.5,25,640,480,1,
s01_00_1778079808,s01,0,hello,en,data/raw/s01/00/s01_00_1778079808.mp4,train,2.5,25,640,480,1,
s01_01_1778079809,s01,1,good_morning,en,data/raw/s01/01/s01_01_1778079809.mp4,train,2.5,25,640,480,1,
s01_01_1778079810,s01,1,good_morning,en,data/raw/s01/01/s01_01_1778079810.mp4,train,2.5,25,640,480,1,
s01_01_1778079811,s01,1,good_morning,en,data/raw/s01/01/s01_01_1778079811.mp4,train,2.5,25,640,480,1,
s01_02_1778079812,s01,2,good_evening,en,data/raw/s01/02/s01_02_1778079812.mp4,train,2.5,25,640,480,1,
s01_02_1778079813,s01,2,good_evening,en,data/raw/s01/02/s01_02_1778079813.mp4,train,2.5,25,640,480,1,
s01_02_1778079814,s01,2,good_evening,en,data/raw/s01/02/s01_02_1778079814.mp4,train,2.5,25,640,480,1,
s01_03_1778079815,s01,3,how_are_you,en,data/raw/s01/03/s01_03_1778079815.mp4,train,2.5,25,640,480,1,
s01_03_1778079816,s01,3,how_are_you,en,data/raw/s01/03/s01_03_1778079816.mp4,train,2.5,25,640,480,1,
s01_03_1778079817,s01,3,how_are_you,en,data/raw/s01/03/s01_03_1778079817.mp4,train,2.5,25,640,480,1,
s01_04_1778079818,s01,4,i_am_fine,en,data/raw/s01/04/s01_04_1778079818.mp4,train,2.5,25,640,480,1,
s01_04_1778079819,s01,4,i_am_fine,en,data/raw/s01/04/s01_04_1778079819.mp4,train,2.5,25,640,480,1,
s01_04_1778079820,s01,4,i_am_fine,en,data/raw/s01/04/s01_04_1778079820.mp4,train,2.5,25,640,480,1,
s01_05_1778079821,s01,5,yes,en,data/raw/s01/05/s01_05_1778079821.mp4,train,2.5,25,640,480,1,
s01_05_1778079822,s01,5,yes,en,data/raw/s01/05/s01_05_1778079822.mp4,train,2.5,25,640,480,1,
s01_05_1778079823,s01,5,yes,en,data/raw/s01/05/s01_05_1778079823.mp4,train,2.5,25,640,480,1,
s01_06_1778079824,s01,6,no,en,data/raw/s01/06/s01_06_1778079824.mp4,train,2.5,25,640,480,1,
s01_06_1778079825,s01,6,no,en,data/raw/s01/06/s01_06_1778079825.mp4,train,2.5,25,640,480,1,
s01_06_1778079826,s01,6,no,en,data/raw/s01/06/s01_06_1778079826.mp4,train,2.5,25,640,480,1,
s01_07_1778079827,s01,7,please,en,data/raw/s01/07/s01_07_1778079827.mp4,train,2.5,25,640,480,1,
s01_07_1778079828,s01,7,please,en,data/raw/s01/07/s01_07_1778079828.mp4,train,2.5,25,640,480,1,
s01_07_1778079829,s01,7,please,en,data/raw/s01/07/s01_07_1778079829.mp4,train,2.5,25,640,480,1,
s01_08_1778079830,s01,8,thank_you,en,data/raw/s01/08/s01_08_1778079830.mp4,train,2.5,25,640,480,1,
s01_08_1778079831,s01,8,thank_you,en,data/raw/s01/08/s01_08_1778079831.mp4,train,2.5,25,640,480,1,
s01_08_1778079832,s01,8,thank_you,en,data/raw/s01/08/s01_08_1778079832.mp4,train,2.5,25,640,480,1,
s01_09_1778079833,s01,9,sorry,en,data/raw/s01/09/s01_09_1778079833.mp4,train,2.5,25,640,480,1,
s01_09_1778079834,s01,9,sorry,en,data/raw/s01/09/s01_09_1778079834.mp4,train,2.5,25,640,480,1,
s01_09_1778079835,s01,9,sorry,en,data/raw/s01/09/s01_09_1778079835.mp4,train,2.5,25,640,480,1,
s01_10_1778079836,s01,10,help_me,en,data/raw/s01/10/s01_10_1778079836.mp4,train,2.5,25,640,480,1,
s01_10_1778079837,s01,10,help_me,en,data/raw/s01/10/s01_10_1778079837.mp4,train,2.5,25,640,480,1,
s01_10_1778079838,s01,10,help_me,en,data/raw/s01/10/s01_10_1778079838.mp4,train,2.5,25,640,480,1,
s01_11_1778079839,s01,11,need_doctor,en,data/raw/s01/11/s01_11_1778079839.mp4,train,2.5,25,640,480,1,
s01_11_1778079840,s01,11,need_doctor,en,data/raw/s01/11/s01_11_1778079840.mp4,train,2.5,25,640,480,1,
s01_11_1778079841,s01,11,need_doctor,en,data/raw/s01/11/s01_11_1778079841.mp4,train,2.5,25,640,480,1,
s01_12_1778079842,s01,12,need_water,en,data/raw/s01/12/s01_12_1778079842.mp4,train,2.5,25,640,480,1,
s01_12_1778079843,s01,12,need_water,en,data/raw/s01/12/s01_12_1778079843.mp4,train,2.5,25,640,480,1,
s01_12_1778079844,s01,12,need_water,en,data/raw/s01/12/s01_12_1778079844.mp4,train,2.5,25,640,480,1,
s01_13_1778079845,s01,13,need_food,en,data/raw/s01/13/s01_13_1778079845.mp4,train,2.5,25,640,480,1,
s01_13_1778079846,s01,13,need_food,en,data/raw/s01/13/s01_13_1778079846.mp4,train,2.5,25,640,480,1,
s01_13_1778079847,s01,13,need_food,en,data/raw/s01/13/s01_13_1778079847.mp4,train,2.5,25,640,480,1,
s01_14_1778079848,s01,14,i_am_hungry,en,data/raw/s01/14/s01_14_1778079848.mp4,train,2.5,25,640,480,1,
s01_14_1778079849,s01,14,i_am_hungry,en,data/raw/s01/14/s01_14_1778079849.mp4,train,2.5,25,640,480,1,
s01_14_1778079850,s01,14,i_am_hungry,en,data/raw/s01/14/s01_14_1778079850.mp4,train,2.5,25,640,480,1,
s01_15_1778079851,s01,15,i_am_thirsty,en,data/raw/s01/15/s01_15_1778079851.mp4,train,2.5,25,640,480,1,
s01_15_1778079852,s01,15,i_am_thirsty,en,data/raw/s01/15/s01_15_1778079852.mp4,train,2.5,25,640,480,1,
s01_15_1778079853,s01,15,i_am_thirsty,en,data/raw/s01/15/s01_15_1778079853.mp4,train,2.5,25,640,480,1,
s01_16_1778079854,s01,16,i_am_tired,en,data/raw/s01/16/s01_16_1778079854.mp4,train,2.5,25,640,480,1,
s01_16_1778079855,s01,16,i_am_tired,en,data/raw/s01/16/s01_16_1778079855.mp4,train,2.5,25,640,480,1,
s01_16_1778079856,s01,16,i_am_tired,en,data/raw/s01/16/s01_16_1778079856.mp4,train,2.5,25,640,480,1,
s01_17_1778079857,s01,17,i_am_in_pain,en,data/raw/s01/17/s01_17_1778079857.mp4,train,2.5,25,640,480,1,
s01_17_1778079858,s01,17,i_am_in_pain,en,data/raw/s01/17/s01_17_1778079858.mp4,train,2.5,25,640,480,1,
s01_17_1778079859,s01,17,i_am_in_pain,en,data/raw/s01/17/s01_17_1778079859.mp4,train,2.5,25,640,480,1,
s01_18_1778079860,s01,18,please_wait,en,data/raw/s01/18/s01_18_1778079860.mp4,train,2.5,25,640,480,1,
s01_18_1778079861,s01,18,please_wait,en,data/raw/s01/18/s01_18_1778079861.mp4,train,2.5,25,640,480,1,
s01_18_1778079862,s01,18,please_wait,en,data/raw/s01/18/s01_18_1778079862.mp4,train,2.5,25,640,480,1,
s01_19_1778079863,s01,19,come_here,en,data/raw/s01/19/s01_19_1778079863.mp4,train,2.5,25,640,480,1,
s01_19_1778079864,s01,19,come_here,en,data/raw/s01/19/s01_19_1778079864.mp4,train,2.5,25,640,480,1,
s01_19_1778079865,s01,19,come_here,en,data/raw/s01/19/s01_19_1778079865.mp4,train,2.5,25,640,480,1,
s01_20_1778079866,s01,20,go_slow,en,data/raw/s01/20/s01_20_1778079866.mp4,train,2.5,25,640,480,1,
s01_20_1778079867,s01,20,go_slow,en,data/raw/s01/20/s01_20_1778079867.mp4,train,2.5,25,640,480,1,
s01_20_1778079868,s01,20,go_slow,en,data/raw/s01/20/s01_20_1778079868.mp4,train,2.5,25,640,480,1,
s01_21_1778079869,s01,21,speak_slowly,en,data/raw/s01/21/s01_21_1778079869.mp4,train,2.5,25,640,480,1,
s01_21_1778079870,s01,21,speak_slowly,en,data/raw/s01/21/s01_21_1778079870.mp4,train,2.5,25,640,480,1,
s01_21_1778079871,s01,21,speak_slowly,en,data/raw/s01/21/s01_21_1778079871.mp4,train,2.5,25,640,480,1,
s01_22_1778079872,s01,22,repeat_again,en,data/raw/s01/22/s01_22_1778079872.mp4,train,2.5,25,640,480,1,
s01_22_1778079873,s01,22,repeat_again,en,data/raw/s01/22/s01_22_1778079873.mp4,train,2.5,25,640,480,1,
s01_22_1778079874,s01,22,repeat_again,en,data/raw/s01/22/s01_22_1778079874.mp4,train,2.5,25,640,480,1,
s01_23_1778079875,s01,23,i_did_not_understand,en,data/raw/s01/23/s01_23_1778079875.mp4,train,2.5,25,640,480,1,
s01_23_1778079876,s01,23,i_did_not_understand,en,data/raw/s01/23/s01_23_1778079876.mp4,train,2.5,25,640,480,1,
s01_23_1778079877,s01,23,i_did_not_understand,en,data/raw/s01/23/s01_23_1778079877.mp4,train,2.5,25,640,480,1,
s01_24_1778079878,s01,24,understood,en,data/raw/s01/24/s01_24_1778079878.mp4,train,2.5,25,640,480,1,
s01_24_1778079879,s01,24,understood,en,data/raw/s01/24/s01_24_1778079879.mp4,train,2.5,25,640,480,1,
s01_24_1778079880,s01,24,understood,en,data/raw/s01/24/s01_24_1778079880.mp4,train,2.5,25,640,480,1,
s01_25_1778079881,s01,25,i_am_okay,en,data/raw/s01/25/s01_25_1778079881.mp4,train,2.5,25,640,480,1,
s01_25_1778079882,s01,25,i_am_okay,en,data/raw/s01/25/s01_25_1778079882.mp4,train,2.5,25,640,480,1,
s01_25_1778079883,s01,25,i_am_okay,en,data/raw/s01/25/s01_25_1778079883.mp4,train,2.5,25,640,480,1,
s01_26_1778079884,s01,26,call_family,en,data/raw/s01/26/s01_26_1778079884.mp4,train,2.5,25,640,480,1,
s01_26_1778079885,s01,26,call_family,en,data/raw/s01/26/s01_26_1778079885.mp4,train,2.5,25,640,480,1,
s01_26_1778079886,s01,26,call_family,en,data/raw/s01/26/s01_26_1778079886.mp4,train,2.5,25,640,480,1,
s01_27_1778079887,s01,27,call_friend,en,data/raw/s01/27/s01_27_1778079887.mp4,train,2.5,25,640,480,1,
s01_27_1778079888,s01,27,call_friend,en,data/raw/s01/27/s01_27_1778079888.mp4,train,2.5,25,640,480,1,
s01_27_1778079889,s01,27,call_friend,en,data/raw/s01/27/s01_27_1778079889.mp4,train,2.5,25,640,480,1,
s01_28_1778079890,s01,28,call_nurse,en,data/raw/s01/28/s01_28_1778079890.mp4,train,2.5,25,640,480,1,
s01_28_1778079891,s01,28,call_nurse,en,data/raw/s01/28/s01_28_1778079891.mp4,train,2.5,25,640,480,1,
s01_28_1778079892,s01,28,call_nurse,en,data/raw/s01/28/s01_28_1778079892.mp4,train,2.5,25,640,480,1,
s01_29_1778079893,s01,29,call_police,en,data/raw/s01/29/s01_29_1778079893.mp4,train,2.5,25,640,480,1,
s01_29_1778079894,s01,29,call_police,en,data/raw/s01/29/s01_29_1778079894.mp4,train,2.5,25,640,480,1,
s01_29_1778079895,s01,29,call_police,en,data/raw/s01/29/s01_29_1778079895.mp4,train,2.5,25,640,480,1,
s01_30_1778079896,s01,30,call_ambulance,en,data/raw/s01/30/s01_30_1778079896.mp4,train,2.5,25,640,480,1,
s01_30_1778079897,s01,30,call_ambulance,en,data/raw/s01/30/s01_30_1778079897.mp4,train,2.5,25,640,480,1,
s01_30_1778079898,s01,30,call_ambulance,en,data/raw/s01/30/s01_30_1778079898.mp4,train,2.5,25,640,480,1,
s01_31_1778079899,s01,31,turn_on_light,en,data/raw/s01/31/s01_31_1778079899.mp4,train,2.5,25,640,480,1,
s01_31_1778079900,s01,31,turn_on_light,en,data/raw/s01/31/s01_31_1778079900.mp4,train,2.5,25,640,480,1,
s01_31_1778079901,s01,31,turn_on_light,en,data/raw/s01/31/s01_31_1778079901.mp4,train,2.5,25,640,480,1,
s01_32_1778079902,s01,32,turn_off_light,en,data/raw/s01/32/s01_32_1778079902.mp4,train,2.5,25,640,480,1,
s01_32_1778079903,s01,32,turn_off_light,en,data/raw/s01/32/s01_32_1778079903.mp4,train,2.5,25,640,480,1,
s01_32_1778079904,s01,32,turn_off_light,en,data/raw/s01/32/s01_32_1778079904.mp4,train,2.5,25,640,480,1,
s01_33_1778079905,s01,33,open_door,en,data/raw/s01/33/s01_33_1778079905.mp4,train,2.5,25,640,480,1,
s01_33_1778079906,s01,33,open_door,en,data/raw/s01/33/s01_33_1778079906.mp4,train,2.5,25,640,480,1,
s01_33_1778079907,s01,33,open_door,en,data/raw/s01/33/s01_33_1778079907.mp4,train,2.5,25,640,480,1,
s01_34_1778079908,s01,34,close_door,en,data/raw/s01/34/s01_34_1778079908.mp4,train,2.5,25,640,480,1,
s01_34_1778079909,s01,34,close_door,en,data/raw/s01/34/s01_34_1778079909.mp4,train,2.5,25,640,480,1,
s01_34_1778079910,s01,34,close_door,en,data/raw/s01/34/s01_34_1778079910.mp4,train,2.5,25,640,480,1,
s01_35_1778079911,s01,35,sit_down,en,data/raw/s01/35/s01_35_1778079911.mp4,train,2.5,25,640,480,1,
s01_35_1778079912,s01,35,sit_down,en,data/raw/s01/35/s01_35_1778079912.mp4,train,2.5,25,640,480,1,
s01_35_1778079913,s01,35,sit_down,en,data/raw/s01/35/s01_35_1778079913.mp4,train,2.5,25,640,480,1,
s01_36_1778079914,s01,36,stand_up,en,data/raw/s01/36/s01_36_1778079914.mp4,train,2.5,25,640,480,1,
s01_36_1778079915,s01,36,stand_up,en,data/raw/s01/36/s01_36_1778079915.mp4,train,2.5,25,640,480,1,
s01_36_1778079916,s01,36,stand_up,en,data/raw/s01/36/s01_36_1778079916.mp4,train,2.5,25,640,480,1,
s01_37_1778079917,s01,37,i_need_restroom,en,data/raw/s01/37/s01_37_1778079917.mp4,train,2.5,25,640,480,1,
s01_37_1778079918,s01,37,i_need_restroom,en,data/raw/s01/37/s01_37_1778079918.mp4,train,2.5,25,640,480,1,
s01_37_1778079919,s01,37,i_need_restroom,en,data/raw/s01/37/s01_37_1778079919.mp4,train,2.5,25,640,480,1,
s01_38_1778079920,s01,38,where_are_you,en,data/raw/s01/38/s01_38_1778079920.mp4,train,2.5,25,640,480,1,
s01_38_1778079921,s01,38,where_are_you,en,data/raw/s01/38/s01_38_1778079921.mp4,train,2.5,25,640,480,1,
s01_38_1778079922,s01,38,where_are_you,en,data/raw/s01/38/s01_38_1778079922.mp4,train,2.5,25,640,480,1,
s01_39_1778079923,s01,39,i_am_here,en,data/raw/s01/39/s01_39_1778079923.mp4,train,2.5,25,640,480,1,
s01_39_1778079924,s01,39,i_am_here,en,data/raw/s01/39/s01_39_1778079924.mp4,train,2.5,25,640,480,1,
s01_39_1778079925,s01,39,i_am_here,en,data/raw/s01/39/s01_39_1778079925.mp4,train,2.5,25,640,480,1,
s01_40_1778079926,s01,40,goodbye,en,data/raw/s01/40/s01_40_1778079926.mp4,train,2.5,25,640,480,1,
s01_40_1778079927,s01,40,goodbye,en,data/raw/s01/40/s01_40_1778079927.mp4,train,2.5,25,640,480,1,
s01_40_1778079928,s01,40,goodbye,en,data/raw/s01/40/s01_40_1778079928.mp4,train,2.5,25,640,480,1,
s01_41_1778079929,s01,41,see_you_soon,en,data/raw/s01/41/s01_41_1778079929.mp4,train,2.5,25,640,480,1,
s01_41_1778079930,s01,41,see_you_soon,en,data/raw/s01/41/s01_41_1778079930.mp4,train,2.5,25,640,480,1,
s01_41_1778079931,s01,41,see_you_soon,en,data/raw/s01/41/s01_41_1778079931.mp4,train,2.5,25,640,480,1,
s01_42_1778079932,s01,42,what_time_is_it,en,data/raw/s01/42/s01_42_1778079932.mp4,train,2.5,25,640,480,1,
s01_42_1778079933,s01,42,what_time_is_it,en,data/raw/s01/42/s01_42_1778079933.mp4,train,2.5,25,640,480,1,
s01_42_1778079934,s01,42,what_time_is_it,en,data/raw/s01/42/s01_42_1778079934.mp4,train,2.5,25,640,480,1,
s01_43_1778079935,s01,43,today,en,data/raw/s01/43/s01_43_1778079935.mp4,train,2.5,25,640,480,1,
s01_43_1778079936,s01,43,today,en,data/raw/s01/43/s01_43_1778079936.mp4,train,2.5,25,640,480,1,
s01_43_1778079937,s01,43,today,en,data/raw/s01/43/s01_43_1778079937.mp4,train,2.5,25,640,480,1,
s01_44_1778079938,s01,44,tomorrow,en,data/raw/s01/44/s01_44_1778079938.mp4,train,2.5,25,640,480,1,
s01_44_1778079939,s01,44,tomorrow,en,data/raw/s01/44/s01_44_1778079939.mp4,train,2.5,25,640,480,1,
s01_44_1778079940,s01,44,tomorrow,en,data/raw/s01/44/s01_44_1778079940.mp4,train,2.5,25,640,480,1,
s01_45_1778079941,s01,45,yesterday,en,data/raw/s01/45/s01_45_1778079941.mp4,train,2.5,25,640,480,1,
s01_45_1778079942,s01,45,yesterday,en,data/raw/s01/45/s01_45_1778079942.mp4,train,2.5,25,640,480,1,
s01_45_1778079943,s01,45,yesterday,en,data/raw/s01/45/s01_45_1778079943.mp4,train,2.5,25,640,480,1,
s01_46_1778079944,s01,46,i_love_you,en,data/raw/s01/46/s01_46_1778079944.mp4,train,2.5,25,640,480,1,
s01_46_1778079945,s01,46,i_love_you,en,data/raw/s01/46/s01_46_1778079945.mp4,train,2.5,25,640,480,1,
s01_46_1778079946,s01,46,i_love_you,en,data/raw/s01/46/s01_46_1778079946.mp4,train,2.5,25,640,480,1,
s01_47_1778079947,s01,47,congratulations,en,data/raw/s01/47/s01_47_1778079947.mp4,train,2.5,25,640,480,1,
s01_47_1778079948,s01,47,congratulations,en,data/raw/s01/47/s01_47_1778079948.mp4,train,2.5,25,640,480,1,
s01_47_1778079949,s01,47,congratulations,en,data/raw/s01/47/s01_47_1778079949.mp4,train,2.5,25,640,480,1,
s01_48_1778079950,s01,48,good_job,en,data/raw/s01/48/s01_48_1778079950.mp4,train,2.5,25,640,480,1,
s01_48_1778079951,s01,48,good_job,en,data/raw/s01/48/s01_48_1778079951.mp4,train,2.5,25,640,480,1,
s01_48_1778079952,s01,48,good_job,en,data/raw/s01/48/s01_48_1778079952.mp4,train,2.5,25,640,480,1,
s01_49_1778079953,s01,49,stop,en,data/raw/s01/49/s01_49_1778079953.mp4,train,2.5,25,640,480,1,
s01_49_1778079954,s01,49,stop,en,data/raw/s01/49/s01_49_1778079954.mp4,train,2.5,25,640,480,1,
s01_49_1778079955,s01,49,stop,en,data/raw/s01/49/s01_49_1778079955.mp4,train,2.5,25,640,480,1,
s02_00_1778080691,s02,0,hello,en,data/raw/s02/00/s02_00_1778080691.mp4,val,2.5,25,640,480,1,
s02_00_1778080692,s02,0,hello,en,data/raw/s02/00/s02_00_1778080692.mp4,val,2.5,25,640,480,1,
s02_00_1778080693,s02,0,hello,en,data/raw/s02/00/s02_00_1778080693.mp4,val,2.5,25,640,480,1,
s02_01_1778080694,s02,1,good_morning,en,data/raw/s02/01/s02_01_1778080694.mp4,val,2.5,25,640,480,1,
s02_01_1778080695,s02,1,good_morning,en,data/raw/s02/01/s02_01_1778080695.mp4,val,2.5,25,640,480,1,
s02_01_1778080696,s02,1,good_morning,en,data/raw/s02/01/s02_01_1778080696.mp4,val,2.5,25,640,480,1,
s02_02_1778080697,s02,2,good_evening,en,data/raw/s02/02/s02_02_1778080697.mp4,val,2.5,25,640,480,1,
s02_02_1778080698,s02,2,good_evening,en,data/raw/s02/02/s02_02_1778080698.mp4,val,2.5,25,640,480,1,
s02_02_1778080699,s02,2,good_evening,en,data/raw/s02/02/s02_02_1778080699.mp4,val,2.5,25,640,480,1,
s02_03_1778080700,s02,3,how_are_you,en,data/raw/s02/03/s02_03_1778080700.mp4,val,2.5,25,640,480,1,
s02_03_1778080701,s02,3,how_are_you,en,data/raw/s02/03/s02_03_1778080701.mp4,val,2.5,25,640,480,1,
s02_03_1778080702,s02,3,how_are_you,en,data/raw/s02/03/s02_03_1778080702.mp4,val,2.5,25,640,480,1,
s02_04_1778080703,s02,4,i_am_fine,en,data/raw/s02/04/s02_04_1778080703.mp4,val,2.5,25,640,480,1,
s02_04_1778080704,s02,4,i_am_fine,en,data/raw/s02/04/s02_04_1778080704.mp4,val,2.5,25,640,480,1,
s02_04_1778080705,s02,4,i_am_fine,en,data/raw/s02/04/s02_04_1778080705.mp4,val,2.5,25,640,480,1,
s02_05_1778080706,s02,5,yes,en,data/raw/s02/05/s02_05_1778080706.mp4,val,2.5,25,640,480,1,
s02_05_1778080707,s02,5,yes,en,data/raw/s02/05/s02_05_1778080707.mp4,val,2.5,25,640,480,1,
s02_05_1778080708,s02,5,yes,en,data/raw/s02/05/s02_05_1778080708.mp4,val,2.5,25,640,480,1,
s02_06_1778080709,s02,6,no,en,data/raw/s02/06/s02_06_1778080709.mp4,val,2.5,25,640,480,1,
s02_06_1778080710,s02,6,no,en,data/raw/s02/06/s02_06_1778080710.mp4,val,2.5,25,640,480,1,
s02_06_1778080711,s02,6,no,en,data/raw/s02/06/s02_06_1778080711.mp4,val,2.5,25,640,480,1,
s02_07_1778080712,s02,7,please,en,data/raw/s02/07/s02_07_1778080712.mp4,val,2.5,25,640,480,1,
s02_07_1778080713,s02,7,please,en,data/raw/s02/07/s02_07_1778080713.mp4,val,2.5,25,640,480,1,
s02_07_1778080714,s02,7,please,en,data/raw/s02/07/s02_07_1778080714.mp4,val,2.5,25,640,480,1,
s02_08_1778080715,s02,8,thank_you,en,data/raw/s02/08/s02_08_1778080715.mp4,val,2.5,25,640,480,1,
s02_08_1778080716,s02,8,thank_you,en,data/raw/s02/08/s02_08_1778080716.mp4,val,2.5,25,640,480,1,
s02_08_1778080717,s02,8,thank_you,en,data/raw/s02/08/s02_08_1778080717.mp4,val,2.5,25,640,480,1,
s02_09_1778080718,s02,9,sorry,en,data/raw/s02/09/s02_09_1778080718.mp4,val,2.5,25,640,480,1,
s02_09_1778080719,s02,9,sorry,en,data/raw/s02/09/s02_09_1778080719.mp4,val,2.5,25,640,480,1,
s02_09_1778080720,s02,9,sorry,en,data/raw/s02/09/s02_09_1778080720.mp4,val,2.5,25,640,480,1,
s02_10_1778080721,s02,10,help_me,en,data/raw/s02/10/s02_10_1778080721.mp4,val,2.5,25,640,480,1,
s02_10_1778080722,s02,10,help_me,en,data/raw/s02/10/s02_10_1778080722.mp4,val,2.5,25,640,480,1,
s02_10_1778080723,s02,10,help_me,en,data/raw/s02/10/s02_10_1778080723.mp4,val,2.5,25,640,480,1,
s02_11_1778080724,s02,11,need_doctor,en,data/raw/s02/11/s02_11_1778080724.mp4,val,2.5,25,640,480,1,
s02_11_1778080725,s02,11,need_doctor,en,data/raw/s02/11/s02_11_1778080725.mp4,val,2.5,25,640,480,1,
s02_11_1778080726,s02,11,need_doctor,en,data/raw/s02/11/s02_11_1778080726.mp4,val,2.5,25,640,480,1,
s02_12_1778080727,s02,12,need_water,en,data/raw/s02/12/s02_12_1778080727.mp4,val,2.5,25,640,480,1,
s02_12_1778080728,s02,12,need_water,en,data/raw/s02/12/s02_12_1778080728.mp4,val,2.5,25,640,480,1,
s02_12_1778080729,s02,12,need_water,en,data/raw/s02/12/s02_12_1778080729.mp4,val,2.5,25,640,480,1,
s02_13_1778080730,s02,13,need_food,en,data/raw/s02/13/s02_13_1778080730.mp4,val,2.5,25,640,480,1,
s02_13_1778080731,s02,13,need_food,en,data/raw/s02/13/s02_13_1778080731.mp4,val,2.5,25,640,480,1,
s02_13_1778080732,s02,13,need_food,en,data/raw/s02/13/s02_13_1778080732.mp4,val,2.5,25,640,480,1,
s02_14_1778080733,s02,14,i_am_hungry,en,data/raw/s02/14/s02_14_1778080733.mp4,val,2.5,25,640,480,1,
s02_14_1778080734,s02,14,i_am_hungry,en,data/raw/s02/14/s02_14_1778080734.mp4,val,2.5,25,640,480,1,
s02_14_1778080735,s02,14,i_am_hungry,en,data/raw/s02/14/s02_14_1778080735.mp4,val,2.5,25,640,480,1,
s02_15_1778080736,s02,15,i_am_thirsty,en,data/raw/s02/15/s02_15_1778080736.mp4,val,2.5,25,640,480,1,
s02_15_1778080737,s02,15,i_am_thirsty,en,data/raw/s02/15/s02_15_1778080737.mp4,val,2.5,25,640,480,1,
s02_15_1778080738,s02,15,i_am_thirsty,en,data/raw/s02/15/s02_15_1778080738.mp4,val,2.5,25,640,480,1,
s02_16_1778080739,s02,16,i_am_tired,en,data/raw/s02/16/s02_16_1778080739.mp4,val,2.5,25,640,480,1,
s02_16_1778080740,s02,16,i_am_tired,en,data/raw/s02/16/s02_16_1778080740.mp4,val,2.5,25,640,480,1,
s02_16_1778080741,s02,16,i_am_tired,en,data/raw/s02/16/s02_16_1778080741.mp4,val,2.5,25,640,480,1,
s02_17_1778080742,s02,17,i_am_in_pain,en,data/raw/s02/17/s02_17_1778080742.mp4,val,2.5,25,640,480,1,
s02_17_1778080743,s02,17,i_am_in_pain,en,data/raw/s02/17/s02_17_1778080743.mp4,val,2.5,25,640,480,1,
s02_17_1778080744,s02,17,i_am_in_pain,en,data/raw/s02/17/s02_17_1778080744.mp4,val,2.5,25,640,480,1,
s02_18_1778080745,s02,18,please_wait,en,data/raw/s02/18/s02_18_1778080745.mp4,val,2.5,25,640,480,1,
s02_18_1778080746,s02,18,please_wait,en,data/raw/s02/18/s02_18_1778080746.mp4,val,2.5,25,640,480,1,
s02_18_1778080747,s02,18,please_wait,en,data/raw/s02/18/s02_18_1778080747.mp4,val,2.5,25,640,480,1,
s02_19_1778080748,s02,19,come_here,en,data/raw/s02/19/s02_19_1778080748.mp4,val,2.5,25,640,480,1,
s02_19_1778080749,s02,19,come_here,en,data/raw/s02/19/s02_19_1778080749.mp4,val,2.5,25,640,480,1,
s02_19_1778080750,s02,19,come_here,en,data/raw/s02/19/s02_19_1778080750.mp4,val,2.5,25,640,480,1,
s02_20_1778080751,s02,20,go_slow,en,data/raw/s02/20/s02_20_1778080751.mp4,val,2.5,25,640,480,1,
s02_20_1778080752,s02,20,go_slow,en,data/raw/s02/20/s02_20_1778080752.mp4,val,2.5,25,640,480,1,
s02_20_1778080753,s02,20,go_slow,en,data/raw/s02/20/s02_20_1778080753.mp4,val,2.5,25,640,480,1,
s02_21_1778080754,s02,21,speak_slowly,en,data/raw/s02/21/s02_21_1778080754.mp4,val,2.5,25,640,480,1,
s02_21_1778080755,s02,21,speak_slowly,en,data/raw/s02/21/s02_21_1778080755.mp4,val,2.5,25,640,480,1,
s02_21_1778080756,s02,21,speak_slowly,en,data/raw/s02/21/s02_21_1778080756.mp4,val,2.5,25,640,480,1,
s02_22_1778080757,s02,22,repeat_again,en,data/raw/s02/22/s02_22_1778080757.mp4,val,2.5,25,640,480,1,
s02_22_1778080758,s02,22,repeat_again,en,data/raw/s02/22/s02_22_1778080758.mp4,val,2.5,25,640,480,1,
s02_22_1778080759,s02,22,repeat_again,en,data/raw/s02/22/s02_22_1778080759.mp4,val,2.5,25,640,480,1,
s02_23_1778080760,s02,23,i_did_not_understand,en,data/raw/s02/23/s02_23_1778080760.mp4,val,2.5,25,640,480,1,
s02_23_1778080761,s02,23,i_did_not_understand,en,data/raw/s02/23/s02_23_1778080761.mp4,val,2.5,25,640,480,1,
s02_23_1778080762,s02,23,i_did_not_understand,en,data/raw/s02/23/s02_23_1778080762.mp4,val,2.5,25,640,480,1,
s02_24_1778080763,s02,24,understood,en,data/raw/s02/24/s02_24_1778080763.mp4,val,2.5,25,640,480,1,
s02_24_1778080764,s02,24,understood,en,data/raw/s02/24/s02_24_1778080764.mp4,val,2.5,25,640,480,1,
s02_24_1778080765,s02,24,understood,en,data/raw/s02/24/s02_24_1778080765.mp4,val,2.5,25,640,480,1,
s02_25_1778080766,s02,25,i_am_okay,en,data/raw/s02/25/s02_25_1778080766.mp4,val,2.5,25,640,480,1,
s02_25_1778080767,s02,25,i_am_okay,en,data/raw/s02/25/s02_25_1778080767.mp4,val,2.5,25,640,480,1,
s02_25_1778080768,s02,25,i_am_okay,en,data/raw/s02/25/s02_25_1778080768.mp4,val,2.5,25,640,480,1,
s02_26_1778080769,s02,26,call_family,en,data/raw/s02/26/s02_26_1778080769.mp4,val,2.5,25,640,480,1,
s02_26_1778080770,s02,26,call_family,en,data/raw/s02/26/s02_26_1778080770.mp4,val,2.5,25,640,480,1,
s02_26_1778080771,s02,26,call_family,en,data/raw/s02/26/s02_26_1778080771.mp4,val,2.5,25,640,480,1,
s02_27_1778080772,s02,27,call_friend,en,data/raw/s02/27/s02_27_1778080772.mp4,val,2.5,25,640,480,1,
s02_27_1778080773,s02,27,call_friend,en,data/raw/s02/27/s02_27_1778080773.mp4,val,2.5,25,640,480,1,
s02_27_1778080774,s02,27,call_friend,en,data/raw/s02/27/s02_27_1778080774.mp4,val,2.5,25,640,480,1,
s02_28_1778080775,s02,28,call_nurse,en,data/raw/s02/28/s02_28_1778080775.mp4,val,2.5,25,640,480,1,
s02_28_1778080776,s02,28,call_nurse,en,data/raw/s02/28/s02_28_1778080776.mp4,val,2.5,25,640,480,1,
s02_28_1778080777,s02,28,call_nurse,en,data/raw/s02/28/s02_28_1778080777.mp4,val,2.5,25,640,480,1,
s02_29_1778080778,s02,29,call_police,en,data/raw/s02/29/s02_29_1778080778.mp4,val,2.5,25,640,480,1,
s02_29_1778080779,s02,29,call_police,en,data/raw/s02/29/s02_29_1778080779.mp4,val,2.5,25,640,480,1,
s02_29_1778080780,s02,29,call_police,en,data/raw/s02/29/s02_29_1778080780.mp4,val,2.5,25,640,480,1,
s02_30_1778080781,s02,30,call_ambulance,en,data/raw/s02/30/s02_30_1778080781.mp4,val,2.5,25,640,480,1,
s02_30_1778080782,s02,30,call_ambulance,en,data/raw/s02/30/s02_30_1778080782.mp4,val,2.5,25,640,480,1,
s02_30_1778080783,s02,30,call_ambulance,en,data/raw/s02/30/s02_30_1778080783.mp4,val,2.5,25,640,480,1,
s02_31_1778080784,s02,31,turn_on_light,en,data/raw/s02/31/s02_31_1778080784.mp4,val,2.5,25,640,480,1,
s02_31_1778080785,s02,31,turn_on_light,en,data/raw/s02/31/s02_31_1778080785.mp4,val,2.5,25,640,480,1,
s02_31_1778080786,s02,31,turn_on_light,en,data/raw/s02/31/s02_31_1778080786.mp4,val,2.5,25,640,480,1,
s02_32_1778080787,s02,32,turn_off_light,en,data/raw/s02/32/s02_32_1778080787.mp4,val,2.5,25,640,480,1,
s02_32_1778080788,s02,32,turn_off_light,en,data/raw/s02/32/s02_32_1778080788.mp4,val,2.5,25,640,480,1,
s02_32_1778080789,s02,32,turn_off_light,en,data/raw/s02/32/s02_32_1778080789.mp4,val,2.5,25,640,480,1,
s02_33_1778080790,s02,33,open_door,en,data/raw/s02/33/s02_33_1778080790.mp4,val,2.5,25,640,480,1,
s02_33_1778080791,s02,33,open_door,en,data/raw/s02/33/s02_33_1778080791.mp4,val,2.5,25,640,480,1,
s02_33_1778080792,s02,33,open_door,en,data/raw/s02/33/s02_33_1778080792.mp4,val,2.5,25,640,480,1,
s02_34_1778080793,s02,34,close_door,en,data/raw/s02/34/s02_34_1778080793.mp4,val,2.5,25,640,480,1,
s02_34_1778080794,s02,34,close_door,en,data/raw/s02/34/s02_34_1778080794.mp4,val,2.5,25,640,480,1,
s02_34_1778080795,s02,34,close_door,en,data/raw/s02/34/s02_34_1778080795.mp4,val,2.5,25,640,480,1,
s02_35_1778080796,s02,35,sit_down,en,data/raw/s02/35/s02_35_1778080796.mp4,val,2.5,25,640,480,1,
s02_35_1778080797,s02,35,sit_down,en,data/raw/s02/35/s02_35_1778080797.mp4,val,2.5,25,640,480,1,
s02_35_1778080798,s02,35,sit_down,en,data/raw/s02/35/s02_35_1778080798.mp4,val,2.5,25,640,480,1,
s02_36_1778080799,s02,36,stand_up,en,data/raw/s02/36/s02_36_1778080799.mp4,val,2.5,25,640,480,1,
s02_36_1778080800,s02,36,stand_up,en,data/raw/s02/36/s02_36_1778080800.mp4,val,2.5,25,640,480,1,
s02_36_1778080801,s02,36,stand_up,en,data/raw/s02/36/s02_36_1778080801.mp4,val,2.5,25,640,480,1,
s02_37_1778080802,s02,37,i_need_restroom,en,data/raw/s02/37/s02_37_1778080802.mp4,val,2.5,25,640,480,1,
s02_37_1778080803,s02,37,i_need_restroom,en,data/raw/s02/37/s02_37_1778080803.mp4,val,2.5,25,640,480,1,
s02_37_1778080804,s02,37,i_need_restroom,en,data/raw/s02/37/s02_37_1778080804.mp4,val,2.5,25,640,480,1,
s02_38_1778080805,s02,38,where_are_you,en,data/raw/s02/38/s02_38_1778080805.mp4,val,2.5,25,640,480,1,
s02_38_1778080806,s02,38,where_are_you,en,data/raw/s02/38/s02_38_1778080806.mp4,val,2.5,25,640,480,1,
s02_38_1778080807,s02,38,where_are_you,en,data/raw/s02/38/s02_38_1778080807.mp4,val,2.5,25,640,480,1,
s02_39_1778080808,s02,39,i_am_here,en,data/raw/s02/39/s02_39_1778080808.mp4,val,2.5,25,640,480,1,
s02_39_1778080809,s02,39,i_am_here,en,data/raw/s02/39/s02_39_1778080809.mp4,val,2.5,25,640,480,1,
s02_39_1778080810,s02,39,i_am_here,en,data/raw/s02/39/s02_39_1778080810.mp4,val,2.5,25,640,480,1,
s02_40_1778080811,s02,40,goodbye,en,data/raw/s02/40/s02_40_1778080811.mp4,val,2.5,25,640,480,1,
s02_40_1778080812,s02,40,goodbye,en,data/raw/s02/40/s02_40_1778080812.mp4,val,2.5,25,640,480,1,
s02_40_1778080813,s02,40,goodbye,en,data/raw/s02/40/s02_40_1778080813.mp4,val,2.5,25,640,480,1,
s02_41_1778080814,s02,41,see_you_soon,en,data/raw/s02/41/s02_41_1778080814.mp4,val,2.5,25,640,480,1,
s02_41_1778080815,s02,41,see_you_soon,en,data/raw/s02/41/s02_41_1778080815.mp4,val,2.5,25,640,480,1,
s02_41_1778080816,s02,41,see_you_soon,en,data/raw/s02/41/s02_41_1778080816.mp4,val,2.5,25,640,480,1,
s02_42_1778080817,s02,42,what_time_is_it,en,data/raw/s02/42/s02_42_1778080817.mp4,val,2.5,25,640,480,1,
s02_42_1778080818,s02,42,what_time_is_it,en,data/raw/s02/42/s02_42_1778080818.mp4,val,2.5,25,640,480,1,
s02_42_1778080819,s02,42,what_time_is_it,en,data/raw/s02/42/s02_42_1778080819.mp4,val,2.5,25,640,480,1,
s02_43_1778080820,s02,43,today,en,data/raw/s02/43/s02_43_1778080820.mp4,val,2.5,25,640,480,1,
s02_43_1778080821,s02,43,today,en,data/raw/s02/43/s02_43_1778080821.mp4,val,2.5,25,640,480,1,
s02_43_1778080822,s02,43,today,en,data/raw/s02/43/s02_43_1778080822.mp4,val,2.5,25,640,480,1,
s02_44_1778080823,s02,44,tomorrow,en,data/raw/s02/44/s02_44_1778080823.mp4,val,2.5,25,640,480,1,
s02_44_1778080824,s02,44,tomorrow,en,data/raw/s02/44/s02_44_1778080824.mp4,val,2.5,25,640,480,1,
s02_44_1778080825,s02,44,tomorrow,en,data/raw/s02/44/s02_44_1778080825.mp4,val,2.5,25,640,480,1,
s02_45_1778080826,s02,45,yesterday,en,data/raw/s02/45/s02_45_1778080826.mp4,val,2.5,25,640,480,1,
s02_45_1778080827,s02,45,yesterday,en,data/raw/s02/45/s02_45_1778080827.mp4,val,2.5,25,640,480,1,
s02_45_1778080828,s02,45,yesterday,en,data/raw/s02/45/s02_45_1778080828.mp4,val,2.5,25,640,480,1,
s02_46_1778080829,s02,46,i_love_you,en,data/raw/s02/46/s02_46_1778080829.mp4,val,2.5,25,640,480,1,
s02_46_1778080830,s02,46,i_love_you,en,data/raw/s02/46/s02_46_1778080830.mp4,val,2.5,25,640,480,1,
s02_46_1778080831,s02,46,i_love_you,en,data/raw/s02/46/s02_46_1778080831.mp4,val,2.5,25,640,480,1,
s02_47_1778080832,s02,47,congratulations,en,data/raw/s02/47/s02_47_1778080832.mp4,val,2.5,25,640,480,1,
s02_47_1778080833,s02,47,congratulations,en,data/raw/s02/47/s02_47_1778080833.mp4,val,2.5,25,640,480,1,
s02_47_1778080834,s02,47,congratulations,en,data/raw/s02/47/s02_47_1778080834.mp4,val,2.5,25,640,480,1,
s02_48_1778080835,s02,48,good_job,en,data/raw/s02/48/s02_48_1778080835.mp4,val,2.5,25,640,480,1,
s02_48_1778080836,s02,48,good_job,en,data/raw/s02/48/s02_48_1778080836.mp4,val,2.5,25,640,480,1,
s02_48_1778080837,s02,48,good_job,en,data/raw/s02/48/s02_48_1778080837.mp4,val,2.5,25,640,480,1,
s02_49_1778080838,s02,49,stop,en,data/raw/s02/49/s02_49_1778080838.mp4,val,2.5,25,640,480,1,
s02_49_1778080839,s02,49,stop,en,data/raw/s02/49/s02_49_1778080839.mp4,val,2.5,25,640,480,1,
s02_49_1778080840,s02,49,stop,en,data/raw/s02/49/s02_49_1778080840.mp4,val,2.5,25,640,480,1,
s03_00_1778081483,s03,0,hello,en,data/raw/s03/00/s03_00_1778081483.mp4,test,2.5,25,640,480,1,
s03_00_1778081484,s03,0,hello,en,data/raw/s03/00/s03_00_1778081484.mp4,test,2.5,25,640,480,1,
s03_00_1778081485,s03,0,hello,en,data/raw/s03/00/s03_00_1778081485.mp4,test,2.5,25,640,480,1,
s03_01_1778081486,s03,1,good_morning,en,data/raw/s03/01/s03_01_1778081486.mp4,test,2.5,25,640,480,1,
s03_01_1778081487,s03,1,good_morning,en,data/raw/s03/01/s03_01_1778081487.mp4,test,2.5,25,640,480,1,
s03_01_1778081488,s03,1,good_morning,en,data/raw/s03/01/s03_01_1778081488.mp4,test,2.5,25,640,480,1,
s03_02_1778081489,s03,2,good_evening,en,data/raw/s03/02/s03_02_1778081489.mp4,test,2.5,25,640,480,1,
s03_02_1778081490,s03,2,good_evening,en,data/raw/s03/02/s03_02_1778081490.mp4,test,2.5,25,640,480,1,
s03_02_1778081491,s03,2,good_evening,en,data/raw/s03/02/s03_02_1778081491.mp4,test,2.5,25,640,480,1,
s03_03_1778081492,s03,3,how_are_you,en,data/raw/s03/03/s03_03_1778081492.mp4,test,2.5,25,640,480,1,
s03_03_1778081493,s03,3,how_are_you,en,data/raw/s03/03/s03_03_1778081493.mp4,test,2.5,25,640,480,1,
s03_03_1778081494,s03,3,how_are_you,en,data/raw/s03/03/s03_03_1778081494.mp4,test,2.5,25,640,480,1,
s03_04_1778081495,s03,4,i_am_fine,en,data/raw/s03/04/s03_04_1778081495.mp4,test,2.5,25,640,480,1,
s03_04_1778081496,s03,4,i_am_fine,en,data/raw/s03/04/s03_04_1778081496.mp4,test,2.5,25,640,480,1,
s03_04_1778081497,s03,4,i_am_fine,en,data/raw/s03/04/s03_04_1778081497.mp4,test,2.5,25,640,480,1,
s03_05_1778081498,s03,5,yes,en,data/raw/s03/05/s03_05_1778081498.mp4,test,2.5,25,640,480,1,
s03_05_1778081499,s03,5,yes,en,data/raw/s03/05/s03_05_1778081499.mp4,test,2.5,25,640,480,1,
s03_05_1778081500,s03,5,yes,en,data/raw/s03/05/s03_05_1778081500.mp4,test,2.5,25,640,480,1,
s03_06_1778081501,s03,6,no,en,data/raw/s03/06/s03_06_1778081501.mp4,test,2.5,25,640,480,1,
s03_06_1778081502,s03,6,no,en,data/raw/s03/06/s03_06_1778081502.mp4,test,2.5,25,640,480,1,
s03_06_1778081503,s03,6,no,en,data/raw/s03/06/s03_06_1778081503.mp4,test,2.5,25,640,480,1,
s03_07_1778081504,s03,7,please,en,data/raw/s03/07/s03_07_1778081504.mp4,test,2.5,25,640,480,1,
s03_07_1778081505,s03,7,please,en,data/raw/s03/07/s03_07_1778081505.mp4,test,2.5,25,640,480,1,
s03_07_1778081506,s03,7,please,en,data/raw/s03/07/s03_07_1778081506.mp4,test,2.5,25,640,480,1,
s03_08_1778081507,s03,8,thank_you,en,data/raw/s03/08/s03_08_1778081507.mp4,test,2.5,25,640,480,1,
s03_08_1778081508,s03,8,thank_you,en,data/raw/s03/08/s03_08_1778081508.mp4,test,2.5,25,640,480,1,
s03_08_1778081509,s03,8,thank_you,en,data/raw/s03/08/s03_08_1778081509.mp4,test,2.5,25,640,480,1,
s03_09_1778081510,s03,9,sorry,en,data/raw/s03/09/s03_09_1778081510.mp4,test,2.5,25,640,480,1,
s03_09_1778081511,s03,9,sorry,en,data/raw/s03/09/s03_09_1778081511.mp4,test,2.5,25,640,480,1,
s03_09_1778081512,s03,9,sorry,en,data/raw/s03/09/s03_09_1778081512.mp4,test,2.5,25,640,480,1,
s03_10_1778081513,s03,10,help_me,en,data/raw/s03/10/s03_10_1778081513.mp4,test,2.5,25,640,480,1,
s03_10_1778081514,s03,10,help_me,en,data/raw/s03/10/s03_10_1778081514.mp4,test,2.5,25,640,480,1,
s03_10_1778081515,s03,10,help_me,en,data/raw/s03/10/s03_10_1778081515.mp4,test,2.5,25,640,480,1,
s03_11_1778081516,s03,11,need_doctor,en,data/raw/s03/11/s03_11_1778081516.mp4,test,2.5,25,640,480,1,
s03_11_1778081517,s03,11,need_doctor,en,data/raw/s03/11/s03_11_1778081517.mp4,test,2.5,25,640,480,1,
s03_11_1778081518,s03,11,need_doctor,en,data/raw/s03/11/s03_11_1778081518.mp4,test,2.5,25,640,480,1,
s03_12_1778081519,s03,12,need_water,en,data/raw/s03/12/s03_12_1778081519.mp4,test,2.5,25,640,480,1,
s03_12_1778081520,s03,12,need_water,en,data/raw/s03/12/s03_12_1778081520.mp4,test,2.5,25,640,480,1,
s03_12_1778081521,s03,12,need_water,en,data/raw/s03/12/s03_12_1778081521.mp4,test,2.5,25,640,480,1,
s03_13_1778081522,s03,13,need_food,en,data/raw/s03/13/s03_13_1778081522.mp4,test,2.5,25,640,480,1,
s03_13_1778081523,s03,13,need_food,en,data/raw/s03/13/s03_13_1778081523.mp4,test,2.5,25,640,480,1,
s03_13_1778081524,s03,13,need_food,en,data/raw/s03/13/s03_13_1778081524.mp4,test,2.5,25,640,480,1,
s03_14_1778081525,s03,14,i_am_hungry,en,data/raw/s03/14/s03_14_1778081525.mp4,test,2.5,25,640,480,1,
s03_14_1778081526,s03,14,i_am_hungry,en,data/raw/s03/14/s03_14_1778081526.mp4,test,2.5,25,640,480,1,
s03_14_1778081527,s03,14,i_am_hungry,en,data/raw/s03/14/s03_14_1778081527.mp4,test,2.5,25,640,480,1,
s03_15_1778081528,s03,15,i_am_thirsty,en,data/raw/s03/15/s03_15_1778081528.mp4,test,2.5,25,640,480,1,
s03_15_1778081529,s03,15,i_am_thirsty,en,data/raw/s03/15/s03_15_1778081529.mp4,test,2.5,25,640,480,1,
s03_15_1778081530,s03,15,i_am_thirsty,en,data/raw/s03/15/s03_15_1778081530.mp4,test,2.5,25,640,480,1,
s03_16_1778081531,s03,16,i_am_tired,en,data/raw/s03/16/s03_16_1778081531.mp4,test,2.5,25,640,480,1,
s03_16_1778081532,s03,16,i_am_tired,en,data/raw/s03/16/s03_16_1778081532.mp4,test,2.5,25,640,480,1,
s03_16_1778081533,s03,16,i_am_tired,en,data/raw/s03/16/s03_16_1778081533.mp4,test,2.5,25,640,480,1,
s03_17_1778081534,s03,17,i_am_in_pain,en,data/raw/s03/17/s03_17_1778081534.mp4,test,2.5,25,640,480,1,
s03_17_1778081535,s03,17,i_am_in_pain,en,data/raw/s03/17/s03_17_1778081535.mp4,test,2.5,25,640,480,1,
s03_17_1778081536,s03,17,i_am_in_pain,en,data/raw/s03/17/s03_17_1778081536.mp4,test,2.5,25,640,480,1,
s03_18_1778081537,s03,18,please_wait,en,data/raw/s03/18/s03_18_1778081537.mp4,test,2.5,25,640,480,1,
s03_18_1778081538,s03,18,please_wait,en,data/raw/s03/18/s03_18_1778081538.mp4,test,2.5,25,640,480,1,
s03_18_1778081539,s03,18,please_wait,en,data/raw/s03/18/s03_18_1778081539.mp4,test,2.5,25,640,480,1,
s03_19_1778081540,s03,19,come_here,en,data/raw/s03/19/s03_19_1778081540.mp4,test,2.5,25,640,480,1,
s03_19_1778081541,s03,19,come_here,en,data/raw/s03/19/s03_19_1778081541.mp4,test,2.5,25,640,480,1,
s03_19_1778081542,s03,19,come_here,en,data/raw/s03/19/s03_19_1778081542.mp4,test,2.5,25,640,480,1,
s03_20_1778081543,s03,20,go_slow,en,data/raw/s03/20/s03_20_1778081543.mp4,test,2.5,25,640,480,1,
s03_20_1778081544,s03,20,go_slow,en,data/raw/s03/20/s03_20_1778081544.mp4,test,2.5,25,640,480,1,
s03_20_1778081545,s03,20,go_slow,en,data/raw/s03/20/s03_20_1778081545.mp4,test,2.5,25,640,480,1,
s03_21_1778081546,s03,21,speak_slowly,en,data/raw/s03/21/s03_21_1778081546.mp4,test,2.5,25,640,480,1,
s03_21_1778081547,s03,21,speak_slowly,en,data/raw/s03/21/s03_21_1778081547.mp4,test,2.5,25,640,480,1,
s03_21_1778081548,s03,21,speak_slowly,en,data/raw/s03/21/s03_21_1778081548.mp4,test,2.5,25,640,480,1,
s03_22_1778081549,s03,22,repeat_again,en,data/raw/s03/22/s03_22_1778081549.mp4,test,2.5,25,640,480,1,
s03_22_1778081550,s03,22,repeat_again,en,data/raw/s03/22/s03_22_1778081550.mp4,test,2.5,25,640,480,1,
s03_22_1778081551,s03,22,repeat_again,en,data/raw/s03/22/s03_22_1778081551.mp4,test,2.5,25,640,480,1,
s03_23_1778081552,s03,23,i_did_not_understand,en,data/raw/s03/23/s03_23_1778081552.mp4,test,2.5,25,640,480,1,
s03_23_1778081553,s03,23,i_did_not_understand,en,data/raw/s03/23/s03_23_1778081553.mp4,test,2.5,25,640,480,1,
s03_23_1778081554,s03,23,i_did_not_understand,en,data/raw/s03/23/s03_23_1778081554.mp4,test,2.5,25,640,480,1,
s03_24_1778081555,s03,24,understood,en,data/raw/s03/24/s03_24_1778081555.mp4,test,2.5,25,640,480,1,
s03_24_1778081556,s03,24,understood,en,data/raw/s03/24/s03_24_1778081556.mp4,test,2.5,25,640,480,1,
s03_24_1778081557,s03,24,understood,en,data/raw/s03/24/s03_24_1778081557.mp4,test,2.5,25,640,480,1,
s03_25_1778081558,s03,25,i_am_okay,en,data/raw/s03/25/s03_25_1778081558.mp4,test,2.5,25,640,480,1,
s03_25_1778081559,s03,25,i_am_okay,en,data/raw/s03/25/s03_25_1778081559.mp4,test,2.5,25,640,480,1,
s03_25_1778081560,s03,25,i_am_okay,en,data/raw/s03/25/s03_25_1778081560.mp4,test,2.5,25,640,480,1,
s03_26_1778081561,s03,26,call_family,en,data/raw/s03/26/s03_26_1778081561.mp4,test,2.5,25,640,480,1,
s03_26_1778081562,s03,26,call_family,en,data/raw/s03/26/s03_26_1778081562.mp4,test,2.5,25,640,480,1,
s03_26_1778081563,s03,26,call_family,en,data/raw/s03/26/s03_26_1778081563.mp4,test,2.5,25,640,480,1,
s03_27_1778081564,s03,27,call_friend,en,data/raw/s03/27/s03_27_1778081564.mp4,test,2.5,25,640,480,1,
s03_27_1778081565,s03,27,call_friend,en,data/raw/s03/27/s03_27_1778081565.mp4,test,2.5,25,640,480,1,
s03_27_1778081566,s03,27,call_friend,en,data/raw/s03/27/s03_27_1778081566.mp4,test,2.5,25,640,480,1,
s03_28_1778081567,s03,28,call_nurse,en,data/raw/s03/28/s03_28_1778081567.mp4,test,2.5,25,640,480,1,
s03_28_1778081568,s03,28,call_nurse,en,data/raw/s03/28/s03_28_1778081568.mp4,test,2.5,25,640,480,1,
s03_28_1778081569,s03,28,call_nurse,en,data/raw/s03/28/s03_28_1778081569.mp4,test,2.5,25,640,480,1,
s03_29_1778081570,s03,29,call_police,en,data/raw/s03/29/s03_29_1778081570.mp4,test,2.5,25,640,480,1,
s03_29_1778081571,s03,29,call_police,en,data/raw/s03/29/s03_29_1778081571.mp4,test,2.5,25,640,480,1,
s03_29_1778081572,s03,29,call_police,en,data/raw/s03/29/s03_29_1778081572.mp4,test,2.5,25,640,480,1,
s03_30_1778081573,s03,30,call_ambulance,en,data/raw/s03/30/s03_30_1778081573.mp4,test,2.5,25,640,480,1,
s03_30_1778081574,s03,30,call_ambulance,en,data/raw/s03/30/s03_30_1778081574.mp4,test,2.5,25,640,480,1,
s03_30_1778081575,s03,30,call_ambulance,en,data/raw/s03/30/s03_30_1778081575.mp4,test,2.5,25,640,480,1,
s03_31_1778081576,s03,31,turn_on_light,en,data/raw/s03/31/s03_31_1778081576.mp4,test,2.5,25,640,480,1,
s03_31_1778081577,s03,31,turn_on_light,en,data/raw/s03/31/s03_31_1778081577.mp4,test,2.5,25,640,480,1,
s03_31_1778081578,s03,31,turn_on_light,en,data/raw/s03/31/s03_31_1778081578.mp4,test,2.5,25,640,480,1,
s03_32_1778081579,s03,32,turn_off_light,en,data/raw/s03/32/s03_32_1778081579.mp4,test,2.5,25,640,480,1,
s03_32_1778081580,s03,32,turn_off_light,en,data/raw/s03/32/s03_32_1778081580.mp4,test,2.5,25,640,480,1,
s03_32_1778081581,s03,32,turn_off_light,en,data/raw/s03/32/s03_32_1778081581.mp4,test,2.5,25,640,480,1,
s03_33_1778081582,s03,33,open_door,en,data/raw/s03/33/s03_33_1778081582.mp4,test,2.5,25,640,480,1,
s03_33_1778081583,s03,33,open_door,en,data/raw/s03/33/s03_33_1778081583.mp4,test,2.5,25,640,480,1,
s03_33_1778081584,s03,33,open_door,en,data/raw/s03/33/s03_33_1778081584.mp4,test,2.5,25,640,480,1,
s03_34_1778081585,s03,34,close_door,en,data/raw/s03/34/s03_34_1778081585.mp4,test,2.5,25,640,480,1,
s03_34_1778081586,s03,34,close_door,en,data/raw/s03/34/s03_34_1778081586.mp4,test,2.5,25,640,480,1,
s03_34_1778081587,s03,34,close_door,en,data/raw/s03/34/s03_34_1778081587.mp4,test,2.5,25,640,480,1,
s03_35_1778081588,s03,35,sit_down,en,data/raw/s03/35/s03_35_1778081588.mp4,test,2.5,25,640,480,1,
s03_35_1778081589,s03,35,sit_down,en,data/raw/s03/35/s03_35_1778081589.mp4,test,2.5,25,640,480,1,
s03_35_1778081590,s03,35,sit_down,en,data/raw/s03/35/s03_35_1778081590.mp4,test,2.5,25,640,480,1,
s03_36_1778081591,s03,36,stand_up,en,data/raw/s03/36/s03_36_1778081591.mp4,test,2.5,25,640,480,1,
s03_36_1778081592,s03,36,stand_up,en,data/raw/s03/36/s03_36_1778081592.mp4,test,2.5,25,640,480,1,
s03_36_1778081593,s03,36,stand_up,en,data/raw/s03/36/s03_36_1778081593.mp4,test,2.5,25,640,480,1,
s03_37_1778081594,s03,37,i_need_restroom,en,data/raw/s03/37/s03_37_1778081594.mp4,test,2.5,25,640,480,1,
s03_37_1778081595,s03,37,i_need_restroom,en,data/raw/s03/37/s03_37_1778081595.mp4,test,2.5,25,640,480,1,
s03_37_1778081596,s03,37,i_need_restroom,en,data/raw/s03/37/s03_37_1778081596.mp4,test,2.5,25,640,480,1,
s03_38_1778081597,s03,38,where_are_you,en,data/raw/s03/38/s03_38_1778081597.mp4,test,2.5,25,640,480,1,
s03_38_1778081598,s03,38,where_are_you,en,data/raw/s03/38/s03_38_1778081598.mp4,test,2.5,25,640,480,1,
s03_38_1778081599,s03,38,where_are_you,en,data/raw/s03/38/s03_38_1778081599.mp4,test,2.5,25,640,480,1,
s03_39_1778081600,s03,39,i_am_here,en,data/raw/s03/39/s03_39_1778081600.mp4,test,2.5,25,640,480,1,
s03_39_1778081601,s03,39,i_am_here,en,data/raw/s03/39/s03_39_1778081601.mp4,test,2.5,25,640,480,1,
s03_39_1778081602,s03,39,i_am_here,en,data/raw/s03/39/s03_39_1778081602.mp4,test,2.5,25,640,480,1,
s03_40_1778081603,s03,40,goodbye,en,data/raw/s03/40/s03_40_1778081603.mp4,test,2.5,25,640,480,1,
s03_40_1778081604,s03,40,goodbye,en,data/raw/s03/40/s03_40_1778081604.mp4,test,2.5,25,640,480,1,
s03_40_1778081605,s03,40,goodbye,en,data/raw/s03/40/s03_40_1778081605.mp4,test,2.5,25,640,480,1,
s03_41_1778081606,s03,41,see_you_soon,en,data/raw/s03/41/s03_41_1778081606.mp4,test,2.5,25,640,480,1,
s03_41_1778081607,s03,41,see_you_soon,en,data/raw/s03/41/s03_41_1778081607.mp4,test,2.5,25,640,480,1,
s03_41_1778081608,s03,41,see_you_soon,en,data/raw/s03/41/s03_41_1778081608.mp4,test,2.5,25,640,480,1,
s03_42_1778081609,s03,42,what_time_is_it,en,data/raw/s03/42/s03_42_1778081609.mp4,test,2.5,25,640,480,1,
s03_42_1778081610,s03,42,what_time_is_it,en,data/raw/s03/42/s03_42_1778081610.mp4,test,2.5,25,640,480,1,
s03_42_1778081611,s03,42,what_time_is_it,en,data/raw/s03/42/s03_42_1778081611.mp4,test,2.5,25,640,480,1,
s03_43_1778081612,s03,43,today,en,data/raw/s03/43/s03_43_1778081612.mp4,test,2.5,25,640,480,1,
s03_43_1778081613,s03,43,today,en,data/raw/s03/43/s03_43_1778081613.mp4,test,2.5,25,640,480,1,
s03_43_1778081614,s03,43,today,en,data/raw/s03/43/s03_43_1778081614.mp4,test,2.5,25,640,480,1,
s03_44_1778081615,s03,44,tomorrow,en,data/raw/s03/44/s03_44_1778081615.mp4,test,2.5,25,640,480,1,
s03_44_1778081616,s03,44,tomorrow,en,data/raw/s03/44/s03_44_1778081616.mp4,test,2.5,25,640,480,1,
s03_44_1778081617,s03,44,tomorrow,en,data/raw/s03/44/s03_44_1778081617.mp4,test,2.5,25,640,480,1,
s03_45_1778081618,s03,45,yesterday,en,data/raw/s03/45/s03_45_1778081618.mp4,test,2.5,25,640,480,1,
s03_45_1778081619,s03,45,yesterday,en,data/raw/s03/45/s03_45_1778081619.mp4,test,2.5,25,640,480,1,
s03_45_1778081620,s03,45,yesterday,en,data/raw/s03/45/s03_45_1778081620.mp4,test,2.5,25,640,480,1,
s03_46_1778081621,s03,46,i_love_you,en,data/raw/s03/46/s03_46_1778081621.mp4,test,2.5,25,640,480,1,
s03_46_1778081622,s03,46,i_love_you,en,data/raw/s03/46/s03_46_1778081622.mp4,test,2.5,25,640,480,1,
s03_46_1778081623,s03,46,i_love_you,en,data/raw/s03/46/s03_46_1778081623.mp4,test,2.5,25,640,480,1,
s03_47_1778081624,s03,47,congratulations,en,data/raw/s03/47/s03_47_1778081624.mp4,test,2.5,25,640,480,1,
s03_47_1778081625,s03,47,congratulations,en,data/raw/s03/47/s03_47_1778081625.mp4,test,2.5,25,640,480,1,
s03_47_1778081626,s03,47,congratulations,en,data/raw/s03/47/s03_47_1778081626.mp4,test,2.5,25,640,480,1,
s03_48_1778081627,s03,48,good_job,en,data/raw/s03/48/s03_48_1778081627.mp4,test,2.5,25,640,480,1,
s03_48_1778081628,s03,48,good_job,en,data/raw/s03/48/s03_48_1778081628.mp4,test,2.5,25,640,480,1,
s03_48_1778081629,s03,48,good_job,en,data/raw/s03/48/s03_48_1778081629.mp4,test,2.5,25,640,480,1,
s03_49_1778081630,s03,49,stop,en,data/raw/s03/49/s03_49_1778081630.mp4,test,2.5,25,640,480,1,
s03_49_1778081631,s03,49,stop,en,data/raw/s03/49/s03_49_1778081631.mp4,test,2.5,25,640,480,1,
s03_49_1778081632,s03,49,stop,en,data/raw/s03/49/s03_49_1778081632.mp4,test,2.5,25,640,480,1,
s01_00_1778084394,s01,0,hello,en,data/raw/s01/00/s01_00_1778084394.mp4,,2.5,25,640,480,1,
s01_00_1778084395,s01,0,hello,en,data/raw/s01/00/s01_00_1778084395.mp4,,2.5,25,640,480,1,
s01_00_1778084396,s01,0,hello,en,data/raw/s01/00/s01_00_1778084396.mp4,,2.5,25,640,480,1,
s01_00_1778084397,s01,0,hello,en,data/raw/s01/00/s01_00_1778084397.mp4,,2.5,25,640,480,1,
s01_00_1778084398,s01,0,hello,en,data/raw/s01/00/s01_00_1778084398.mp4,,2.5,25,640,480,1,
s01_01_1778084399,s01,1,good_morning,en,data/raw/s01/01/s01_01_1778084399.mp4,,2.5,25,640,480,1,
s01_01_1778084400,s01,1,good_morning,en,data/raw/s01/01/s01_01_1778084400.mp4,,2.5,25,640,480,1,
s01_01_1778084401,s01,1,good_morning,en,data/raw/s01/01/s01_01_1778084401.mp4,,2.5,25,640,480,1,
s01_01_1778084402,s01,1,good_morning,en,data/raw/s01/01/s01_01_1778084402.mp4,,2.5,25,640,480,1,
s01_01_1778084403,s01,1,good_morning,en,data/raw/s01/01/s01_01_1778084403.mp4,,2.5,25,640,480,1,
s01_02_1778084404,s01,2,good_evening,en,data/raw/s01/02/s01_02_1778084404.mp4,,2.5,25,640,480,1,
s01_02_1778084405,s01,2,good_evening,en,data/raw/s01/02/s01_02_1778084405.mp4,,2.5,25,640,480,1,
s01_02_1778084406,s01,2,good_evening,en,data/raw/s01/02/s01_02_1778084406.mp4,,2.5,25,640,480,1,
s01_02_1778084407,s01,2,good_evening,en,data/raw/s01/02/s01_02_1778084407.mp4,,2.5,25,640,480,1,
s01_02_1778084408,s01,2,good_evening,en,data/raw/s01/02/s01_02_1778084408.mp4,,2.5,25,640,480,1,
s01_03_1778084409,s01,3,how_are_you,en,data/raw/s01/03/s01_03_1778084409.mp4,,2.5,25,640,480,1,
s01_03_1778084410,s01,3,how_are_you,en,data/raw/s01/03/s01_03_1778084410.mp4,,2.5,25,640,480,1,
s01_03_1778084411,s01,3,how_are_you,en,data/raw/s01/03/s01_03_1778084411.mp4,,2.5,25,640,480,1,
s01_03_1778084412,s01,3,how_are_you,en,data/raw/s01/03/s01_03_1778084412.mp4,,2.5,25,640,480,1,
s01_03_1778084413,s01,3,how_are_you,en,data/raw/s01/03/s01_03_1778084413.mp4,,2.5,25,640,480,1,
s01_04_1778084414,s01,4,i_am_fine,en,data/raw/s01/04/s01_04_1778084414.mp4,,2.5,25,640,480,1,
s01_04_1778084415,s01,4,i_am_fine,en,data/raw/s01/04/s01_04_1778084415.mp4,,2.5,25,640,480,1,
s01_04_1778084416,s01,4,i_am_fine,en,data/raw/s01/04/s01_04_1778084416.mp4,,2.5,25,640,480,1,
s01_04_1778084417,s01,4,i_am_fine,en,data/raw/s01/04/s01_04_1778084417.mp4,,2.5,25,640,480,1,
s01_04_1778084418,s01,4,i_am_fine,en,data/raw/s01/04/s01_04_1778084418.mp4,,2.5,25,640,480,1,
s01_05_1778084419,s01,5,yes,en,data/raw/s01/05/s01_05_1778084419.mp4,,2.5,25,640,480,1,
s01_05_1778084420,s01,5,yes,en,data/raw/s01/05/s01_05_1778084420.mp4,,2.5,25,640,480,1,
s01_05_1778084421,s01,5,yes,en,data/raw/s01/05/s01_05_1778084421.mp4,,2.5,25,640,480,1,
s01_05_1778084422,s01,5,yes,en,data/raw/s01/05/s01_05_1778084422.mp4,,2.5,25,640,480,1,
s01_05_1778084423,s01,5,yes,en,data/raw/s01/05/s01_05_1778084423.mp4,,2.5,25,640,480,1,
s01_06_1778084424,s01,6,no,en,data/raw/s01/06/s01_06_1778084424.mp4,,2.5,25,640,480,1,
s01_06_1778084425,s01,6,no,en,data/raw/s01/06/s01_06_1778084425.mp4,,2.5,25,640,480,1,
s01_06_1778084426,s01,6,no,en,data/raw/s01/06/s01_06_1778084426.mp4,,2.5,25,640,480,1,
s01_06_1778084427,s01,6,no,en,data/raw/s01/06/s01_06_1778084427.mp4,,2.5,25,640,480,1,
s01_06_1778084428,s01,6,no,en,data/raw/s01/06/s01_06_1778084428.mp4,,2.5,25,640,480,1,
s01_07_1778084429,s01,7,please,en,data/raw/s01/07/s01_07_1778084429.mp4,,2.5,25,640,480,1,
s01_07_1778084430,s01,7,please,en,data/raw/s01/07/s01_07_1778084430.mp4,,2.5,25,640,480,1,
s01_07_1778084431,s01,7,please,en,data/raw/s01/07/s01_07_1778084431.mp4,,2.5,25,640,480,1,
s01_07_1778084432,s01,7,please,en,data/raw/s01/07/s01_07_1778084432.mp4,,2.5,25,640,480,1,
s01_07_1778084433,s01,7,please,en,data/raw/s01/07/s01_07_1778084433.mp4,,2.5,25,640,480,1,
s01_08_1778084434,s01,8,thank_you,en,data/raw/s01/08/s01_08_1778084434.mp4,,2.5,25,640,480,1,
s01_08_1778084435,s01,8,thank_you,en,data/raw/s01/08/s01_08_1778084435.mp4,,2.5,25,640,480,1,
s01_08_1778084436,s01,8,thank_you,en,data/raw/s01/08/s01_08_1778084436.mp4,,2.5,25,640,480,1,
s01_08_1778084437,s01,8,thank_you,en,data/raw/s01/08/s01_08_1778084437.mp4,,2.5,25,640,480,1,
s01_08_1778084438,s01,8,thank_you,en,data/raw/s01/08/s01_08_1778084438.mp4,,2.5,25,640,480,1,
s01_09_1778084439,s01,9,sorry,en,data/raw/s01/09/s01_09_1778084439.mp4,,2.5,25,640,480,1,
s01_09_1778084440,s01,9,sorry,en,data/raw/s01/09/s01_09_1778084440.mp4,,2.5,25,640,480,1,
s01_09_1778084441,s01,9,sorry,en,data/raw/s01/09/s01_09_1778084441.mp4,,2.5,25,640,480,1,
s01_09_1778084442,s01,9,sorry,en,data/raw/s01/09/s01_09_1778084442.mp4,,2.5,25,640,480,1,
s01_09_1778084443,s01,9,sorry,en,data/raw/s01/09/s01_09_1778084443.mp4,,2.5,25,640,480,1,
s01_10_1778084444,s01,10,help_me,en,data/raw/s01/10/s01_10_1778084444.mp4,,2.5,25,640,480,1,
s01_10_1778084445,s01,10,help_me,en,data/raw/s01/10/s01_10_1778084445.mp4,,2.5,25,640,480,1,
s01_10_1778084446,s01,10,help_me,en,data/raw/s01/10/s01_10_1778084446.mp4,,2.5,25,640,480,1,
s01_10_1778084447,s01,10,help_me,en,data/raw/s01/10/s01_10_1778084447.mp4,,2.5,25,640,480,1,
s01_10_1778084448,s01,10,help_me,en,data/raw/s01/10/s01_10_1778084448.mp4,,2.5,25,640,480,1,
s01_11_1778084449,s01,11,need_doctor,en,data/raw/s01/11/s01_11_1778084449.mp4,,2.5,25,640,480,1,
s01_11_1778084450,s01,11,need_doctor,en,data/raw/s01/11/s01_11_1778084450.mp4,,2.5,25,640,480,1,
s01_11_1778084451,s01,11,need_doctor,en,data/raw/s01/11/s01_11_1778084451.mp4,,2.5,25,640,480,1,
s01_11_1778084452,s01,11,need_doctor,en,data/raw/s01/11/s01_11_1778084452.mp4,,2.5,25,640,480,1,
s01_11_1778084453,s01,11,need_doctor,en,data/raw/s01/11/s01_11_1778084453.mp4,,2.5,25,640,480,1,
s01_12_1778084454,s01,12,need_water,en,data/raw/s01/12/s01_12_1778084454.mp4,,2.5,25,640,480,1,
s01_12_1778084455,s01,12,need_water,en,data/raw/s01/12/s01_12_1778084455.mp4,,2.5,25,640,480,1,
s01_12_1778084456,s01,12,need_water,en,data/raw/s01/12/s01_12_1778084456.mp4,,2.5,25,640,480,1,
s01_12_1778084457,s01,12,need_water,en,data/raw/s01/12/s01_12_1778084457.mp4,,2.5,25,640,480,1,
s01_12_1778084458,s01,12,need_water,en,data/raw/s01/12/s01_12_1778084458.mp4,,2.5,25,640,480,1,
s01_13_1778084459,s01,13,need_food,en,data/raw/s01/13/s01_13_1778084459.mp4,,2.5,25,640,480,1,
s01_13_1778084460,s01,13,need_food,en,data/raw/s01/13/s01_13_1778084460.mp4,,2.5,25,640,480,1,
s01_13_1778084461,s01,13,need_food,en,data/raw/s01/13/s01_13_1778084461.mp4,,2.5,25,640,480,1,
s01_13_1778084462,s01,13,need_food,en,data/raw/s01/13/s01_13_1778084462.mp4,,2.5,25,640,480,1,
s01_13_1778084463,s01,13,need_food,en,data/raw/s01/13/s01_13_1778084463.mp4,,2.5,25,640,480,1,
s01_14_1778084464,s01,14,i_am_hungry,en,data/raw/s01/14/s01_14_1778084464.mp4,,2.5,25,640,480,1,
s01_14_1778084465,s01,14,i_am_hungry,en,data/raw/s01/14/s01_14_1778084465.mp4,,2.5,25,640,480,1,
s01_14_1778084466,s01,14,i_am_hungry,en,data/raw/s01/14/s01_14_1778084466.mp4,,2.5,25,640,480,1,
s01_14_1778084467,s01,14,i_am_hungry,en,data/raw/s01/14/s01_14_1778084467.mp4,,2.5,25,640,480,1,
s01_14_1778084468,s01,14,i_am_hungry,en,data/raw/s01/14/s01_14_1778084468.mp4,,2.5,25,640,480,1,
s01_15_1778084469,s01,15,i_am_thirsty,en,data/raw/s01/15/s01_15_1778084469.mp4,,2.5,25,640,480,1,
s01_15_1778084470,s01,15,i_am_thirsty,en,data/raw/s01/15/s01_15_1778084470.mp4,,2.5,25,640,480,1,
s01_15_1778084471,s01,15,i_am_thirsty,en,data/raw/s01/15/s01_15_1778084471.mp4,,2.5,25,640,480,1,
s01_15_1778084472,s01,15,i_am_thirsty,en,data/raw/s01/15/s01_15_1778084472.mp4,,2.5,25,640,480,1,
s01_15_1778084473,s01,15,i_am_thirsty,en,data/raw/s01/15/s01_15_1778084473.mp4,,2.5,25,640,480,1,
s01_16_1778084474,s01,16,i_am_tired,en,data/raw/s01/16/s01_16_1778084474.mp4,,2.5,25,640,480,1,
s01_16_1778084475,s01,16,i_am_tired,en,data/raw/s01/16/s01_16_1778084475.mp4,,2.5,25,640,480,1,
s01_16_1778084476,s01,16,i_am_tired,en,data/raw/s01/16/s01_16_1778084476.mp4,,2.5,25,640,480,1,
s01_16_1778084477,s01,16,i_am_tired,en,data/raw/s01/16/s01_16_1778084477.mp4,,2.5,25,640,480,1,
s01_16_1778084478,s01,16,i_am_tired,en,data/raw/s01/16/s01_16_1778084478.mp4,,2.5,25,640,480,1,
s01_17_1778084479,s01,17,i_am_in_pain,en,data/raw/s01/17/s01_17_1778084479.mp4,,2.5,25,640,480,1,
s01_17_1778084480,s01,17,i_am_in_pain,en,data/raw/s01/17/s01_17_1778084480.mp4,,2.5,25,640,480,1,
s01_17_1778084481,s01,17,i_am_in_pain,en,data/raw/s01/17/s01_17_1778084481.mp4,,2.5,25,640,480,1,
s01_17_1778084482,s01,17,i_am_in_pain,en,data/raw/s01/17/s01_17_1778084482.mp4,,2.5,25,640,480,1,
s01_17_1778084483,s01,17,i_am_in_pain,en,data/raw/s01/17/s01_17_1778084483.mp4,,2.5,25,640,480,1,
s01_18_1778084484,s01,18,please_wait,en,data/raw/s01/18/s01_18_1778084484.mp4,,2.5,25,640,480,1,
s01_18_1778084485,s01,18,please_wait,en,data/raw/s01/18/s01_18_1778084485.mp4,,2.5,25,640,480,1,
s01_18_1778084486,s01,18,please_wait,en,data/raw/s01/18/s01_18_1778084486.mp4,,2.5,25,640,480,1,
s01_18_1778084487,s01,18,please_wait,en,data/raw/s01/18/s01_18_1778084487.mp4,,2.5,25,640,480,1,
s01_18_1778084488,s01,18,please_wait,en,data/raw/s01/18/s01_18_1778084488.mp4,,2.5,25,640,480,1,
s01_19_1778084489,s01,19,come_here,en,data/raw/s01/19/s01_19_1778084489.mp4,,2.5,25,640,480,1,
s01_19_1778084490,s01,19,come_here,en,data/raw/s01/19/s01_19_1778084490.mp4,,2.5,25,640,480,1,
s01_19_1778084491,s01,19,come_here,en,data/raw/s01/19/s01_19_1778084491.mp4,,2.5,25,640,480,1,
s01_19_1778084492,s01,19,come_here,en,data/raw/s01/19/s01_19_1778084492.mp4,,2.5,25,640,480,1,
s01_19_1778084493,s01,19,come_here,en,data/raw/s01/19/s01_19_1778084493.mp4,,2.5,25,640,480,1,
s01_20_1778084494,s01,20,go_slow,en,data/raw/s01/20/s01_20_1778084494.mp4,,2.5,25,640,480,1,
s01_20_1778084495,s01,20,go_slow,en,data/raw/s01/20/s01_20_1778084495.mp4,,2.5,25,640,480,1,
s01_20_1778084496,s01,20,go_slow,en,data/raw/s01/20/s01_20_1778084496.mp4,,2.5,25,640,480,1,
s01_20_1778084497,s01,20,go_slow,en,data/raw/s01/20/s01_20_1778084497.mp4,,2.5,25,640,480,1,
s01_20_1778084498,s01,20,go_slow,en,data/raw/s01/20/s01_20_1778084498.mp4,,2.5,25,640,480,1,
s01_21_1778084499,s01,21,speak_slowly,en,data/raw/s01/21/s01_21_1778084499.mp4,,2.5,25,640,480,1,
s01_21_1778084500,s01,21,speak_slowly,en,data/raw/s01/21/s01_21_1778084500.mp4,,2.5,25,640,480,1,
s01_21_1778084501,s01,21,speak_slowly,en,data/raw/s01/21/s01_21_1778084501.mp4,,2.5,25,640,480,1,
s01_21_1778084502,s01,21,speak_slowly,en,data/raw/s01/21/s01_21_1778084502.mp4,,2.5,25,640,480,1,
s01_21_1778084503,s01,21,speak_slowly,en,data/raw/s01/21/s01_21_1778084503.mp4,,2.5,25,640,480,1,
s01_22_1778084504,s01,22,repeat_again,en,data/raw/s01/22/s01_22_1778084504.mp4,,2.5,25,640,480,1,
s01_22_1778084505,s01,22,repeat_again,en,data/raw/s01/22/s01_22_1778084505.mp4,,2.5,25,640,480,1,
testcam_00_1778086241,testcam,0,hello,en,data/raw/testcam/00/testcam_00_1778086241.mp4,,2.5,25,640,480,1,
testcam_01_1778086242,testcam,1,good_morning,en,data/raw/testcam/01/testcam_01_1778086242.mp4,,2.5,25,640,480,1,
testcam_00_1778086258,testcam,0,hello,en,data/raw/testcam/00/testcam_00_1778086258.mp4,,2.5,25,640,480,1,
s01_00_1778086271,s01,0,hello,en,data/raw/s01/00/s01_00_1778086271.mp4,,2.5,25,640,480,1,
s01_00_1778086574,s01,0,hello,en,data/raw/s01/00/s01_00_1778086574.mp4,,2.5,25,640,480,1,
s01_00_1778086575,s01,0,hello,en,data/raw/s01/00/s01_00_1778086575.mp4,,2.5,25,640,480,1,
s01_00_1778086576,s01,0,hello,en,data/raw/s01/00/s01_00_1778086576.mp4,,2.5,25,640,480,1,
s01_01_1778086577,s01,1,good_morning,en,data/raw/s01/01/s01_01_1778086577.mp4,,2.5,25,640,480,1,
s01_01_1778086578,s01,1,good_morning,en,data/raw/s01/01/s01_01_1778086578.mp4,,2.5,25,640,480,1,
s01_01_1778086579,s01,1,good_morning,en,data/raw/s01/01/s01_01_1778086579.mp4,,2.5,25,640,480,1,
s01_02_1778086580,s01,2,good_evening,en,data/raw/s01/02/s01_02_1778086580.mp4,,2.5,25,640,480,1,
s01_02_1778086581,s01,2,good_evening,en,data/raw/s01/02/s01_02_1778086581.mp4,,2.5,25,640,480,1,
s01_00_1778086789,s01,0,hello,en,data/raw/s01/00/s01_00_1778086789.mp4,,2.5,25,640,480,1,
s01_00_1778086854,s01,0,hello,en,data/raw/s01/00/s01_00_1778086854.mp4,,2.5,25,640,480,1,
